farmer_id,risk_type,time_step,alpha,contamination,cost,technology
0,risk_neutral,0,0.8400312372306011,0.5638744253717831,3922.2923062243626,0.6820266639287299
0,risk_neutral,1,0.9032367852995579,0.53404331198505,3940.2872428984465,0.6944782862411804
0,risk_neutral,2,0.9491959056383226,0.5210187372728302,3789.739833124664,0.6868648188928751
0,risk_neutral,3,0.9309752708334801,0.5030453201117959,3819.9866257270796,0.7380163951080747
0,risk_neutral,4,0.8358168679021827,0.5201317954815446,3863.2797955347496,0.7820768780509795
0,risk_neutral,5,0.9336860791848703,0.47582254395219037,4026.9885823660925,0.7954603989940494
0,risk_neutral,6,0.8667170377490806,0.49161221328427906,4117.139640571882,0.8192582200715492
0,risk_neutral,7,0.8795722687075829,0.47883635100228605,4004.2500035432968,0.837221014487882
0,risk_neutral,8,0.9405659347211878,0.46237196488282245,4070.1348938480623,0.8201292057949662
0,risk_neutral,9,0.8644405698883518,0.49268746402143226,4109.986233536778,0.8188882820233299
0,risk_neutral,10,0.8943176539088107,0.48110816754644076,4133.342759795836,0.8181244666326254
0,risk_neutral,11,0.8606324244149719,0.49376553872121853,4219.405750656784,0.8199720024654239
0,risk_neutral,12,0.9410821854514178,0.4555544992986316,4003.712570292394,0.8354636124200587
0,risk_neutral,13,0.95,0.44886389329499504,4304.0371919165445,0.8431953370181626
0,risk_neutral,14,0.9234439530835539,0.4559643571836252,4121.836313050297,0.8504475382304663
0,risk_neutral,15,0.95,0.4458179639290074,3905.9482685400476,0.8503626977942855
0,risk_neutral,16,0.95,0.4522222012984097,3994.400012968352,0.8353490780532524
0,risk_neutral,17,0.95,0.44830878447751704,4055.8829732268114,0.8444979293954643
0,risk_neutral,18,0.95,0.4435809520433641,3990.7610333385956,0.8556578567529559
0,risk_neutral,19,0.95,0.44887172577454665,4068.3024245104016,0.8431769692155657
1,risk_neutral,0,0.8546821241311753,0.6168527274874043,3821.2677034933586,0.5652686082882004
1,risk_neutral,1,0.9234845914897586,0.5901302189797769,3904.376826059325,0.5711108351566951
1,risk_neutral,2,0.95,0.5886194887771159,3858.149765626082,0.557868771934998
1,risk_neutral,3,0.920998599875578,0.5833703529707598,3757.768991917761,0.5851616284580109
1,risk_neutral,4,0.8874266752902091,0.586663014496399,3940.3693634371175,0.6009563604263445
1,risk_neutral,5,0.95,0.5532131770233143,3824.5565728375263,0.6231703787768309
1,risk_neutral,6,0.8911648242733766,0.5632047496956846,3687.6601744022387,0.6442265506085754
1,risk_neutral,7,0.8878119683081158,0.5574237024242864,3731.9439855719384,0.6582808776112512
1,risk_neutral,8,0.95,0.529748653630766,3790.4066347333546,0.6687922351106286
1,risk_neutral,9,0.948955186169763,0.4920136978613883,3959.245904340969,0.7473995948727794
1,risk_neutral,10,0.95,0.49418839635323797,4032.5342446168797,0.7419352266956111
1,risk_neutral,11,0.95,0.503006772011006,4107.413155322035,0.7233175218215472
1,risk_neutral,12,0.95,0.4862766313723274,3865.2782798685876,0.7589238070106702
1,risk_neutral,13,0.9466384846401934,0.4967123100105309,4308.556635734438,0.739188491633246
1,risk_neutral,14,0.95,0.5035650739103977,3882.921758569083,0.7221498232165575
1,risk_neutral,15,0.8177302927152985,0.545777410692455,3719.4016958928505,0.7405180711504066
1,risk_neutral,16,0.9205395073926571,0.494128179279256,3986.3444319121536,0.7658121325208851
1,risk_neutral,17,0.9316251245675854,0.47887284387717943,4263.301880647182,0.7903610143494605
1,risk_neutral,18,0.95,0.4607594493611573,4266.160243214035,0.8156622884116317
1,risk_neutral,19,0.9208871310127478,0.46549953699738617,4163.147742957099,0.8303343060724896
2,risk_neutral,0,0.833289313380753,0.7298546680924046,3715.453798613509,0.37791178214803856
2,risk_neutral,1,0.899314915614131,0.6984317822602929,3669.8066138952386,0.3991013181422842
2,risk_neutral,2,0.95,0.6586258820690485,3884.4917503366864,0.4395785381002181
2,risk_neutral,3,0.95,0.6335574132442849,3852.5231635683576,0.48042595230119667
2,risk_neutral,4,0.9021911558425176,0.6281791492180655,4033.435497486832,0.515334118195646
2,risk_neutral,5,0.95,0.6148309245650913,3976.867107864431,0.5120083877676237
2,risk_neutral,6,0.9285196278020937,0.601634316323058,3737.5391353762543,0.5472210290434728
2,risk_neutral,7,0.8980821640208987,0.5824970087549215,3762.5704780002925,0.6017614538969672
2,risk_neutral,8,0.95,0.5488950969051944,3910.4430817470366,0.6314188800517723
2,risk_neutral,9,0.8987535966707115,0.5503842270200192,3911.7492538838014,0.6644075220275948
2,risk_neutral,10,0.95,0.5211667932646361,4255.9601492995025,0.6859843661470979
2,risk_neutral,11,0.95,0.5005792139436646,4152.237967381734,0.7284099190868053
2,risk_neutral,12,0.9149124778934606,0.4995949210863949,3879.548316655808,0.7584962316178795
2,risk_neutral,13,0.9045354143339961,0.5139158042722974,4111.140607063085,0.7359533096361073
2,risk_neutral,14,0.95,0.4804845850407598,4064.7458632582343,0.7715369812284458
2,risk_neutral,15,0.95,0.4841378971506797,3989.9674358053826,0.7635636856597092
2,risk_neutral,16,0.9020000471352335,0.514875785877039,3795.8099752773105,0.7359529547588001
2,risk_neutral,17,0.9328024532534475,0.48834142371867595,3977.576481154102,0.7683732782803641
2,risk_neutral,18,0.941188246560977,0.4792909302748896,3894.7728364217946,0.7814031874487739
2,risk_neutral,19,0.95,0.4832250749465155,4102.0160511108625,0.7655502528345411
3,risk_neutral,0,0.7811796676529627,0.5974105909615534,3733.2350338524334,0.6594521929625562
3,risk_neutral,1,0.8075197553262601,0.5641428754297626,3835.4848203880147,0.7088962598867149
3,risk_neutral,2,0.9150129160785807,0.5126644482335114,4144.173705630862,0.7301905067091607
3,risk_neutral,3,0.9178726101854046,0.5033297597650022,4257.961278629436,0.7479357484394717
3,risk_neutral,4,0.95,0.4798975493768429,4007.495331434597,0.7728238280628908
3,risk_neutral,5,0.9299417897194411,0.4863084834617879,3912.553294237814,0.7752228416660657
3,risk_neutral,6,0.95,0.49393704649932507,4222.142586015601,0.7424707433169323
3,risk_neutral,7,0.9232289061333325,0.49721924852114513,4264.452674292152,0.7568266132194086
3,risk_neutral,8,0.95,0.49764895691804734,4000.60137590672,0.7345898487446714
3,risk_neutral,9,0.8917601492459882,0.5186625751201698,3941.835261454193,0.736186464582331
3,risk_neutral,10,0.9444886379311113,0.4973551855768963,4203.569424582549,0.7395015895100968
3,risk_neutral,11,0.858699332615497,0.5409700264679816,3882.006467916952,0.7154907221600264
3,risk_neutral,12,0.906975062979046,0.5070977238000508,3963.3703470463356,0.7486992449624158
3,risk_neutral,13,0.8509316268663963,0.5131611268783903,4052.4794158904433,0.7840411316020144
3,risk_neutral,14,0.926192978809053,0.4660821535829896,3890.1216280226504,0.8242271131593063
3,risk_neutral,15,0.8988630865263176,0.4697713422279153,4078.8405751269243,0.8405164478142765
3,risk_neutral,16,0.95,0.4517351938777778,3867.8217430391924,0.836483289560283
3,risk_neutral,17,0.95,0.45792561796890846,4227.176145413587,0.8221563307775649
3,risk_neutral,18,0.8826222566445452,0.4678345332158669,4175.353399003864,0.8606633260921498
3,risk_neutral,19,0.9255712616041804,0.4596231891538993,3999.624881055962,0.8398578385579493
4,risk_neutral,0,0.95,0.5653594601343969,3890.5921122840673,0.6003089868483162
4,risk_neutral,1,0.95,0.5449117281143842,3787.922780349163,0.639085751788972
4,risk_neutral,2,0.95,0.5283528689295606,3891.4410039059285,0.6715693748742573
4,risk_neutral,3,0.8184284058290047,0.5775210953829246,4161.215708091203,0.6708104270838973
4,risk_neutral,4,0.9371368845726776,0.5232950094198566,3839.620340800326,0.6910515561369558
4,risk_neutral,5,0.8896926397828924,0.5332683256491519,4064.9245543779184,0.7066828791713484
4,risk_neutral,6,0.9115516167551722,0.5119721781004433,4154.19592735933,0.7344455132994029
4,risk_neutral,7,0.95,0.4843209404963579,4197.068406508681,0.7631657808633847
4,risk_neutral,8,0.95,0.4728393451643092,4055.0450769000977,0.7884206305263375
4,risk_neutral,9,0.95,0.4780252679012902,4232.334677581566,0.7769386170206655
4,risk_neutral,10,0.9366503604912106,0.48213724133990676,4298.530440795619,0.7788674442055096
4,risk_neutral,11,0.95,0.4754035638230735,3974.238633675627,0.7827276080121505
4,risk_neutral,12,0.95,0.49498126576593965,3880.2425668231176,0.7402477516496377
4,risk_neutral,13,0.95,0.501363682935008,3732.4889221841013,0.7267616075826322
4,risk_neutral,14,0.9464439854584832,0.4781259735796311,3980.9131162576114,0.7796351918291078
4,risk_neutral,15,0.95,0.4777029694602033,4113.024204865828,0.7776485709940477
4,risk_neutral,16,0.9160277507541125,0.486906815356374,4296.03005433366,0.7856558033893009
4,risk_neutral,17,0.95,0.48084628573232246,4077.360142124812,0.7707448760342663
4,risk_neutral,18,0.942492608399128,0.49320668516042715,3876.4800927121833,0.749954903434314
4,risk_neutral,19,0.95,0.47925913723246155,4377.689442783397,0.7742250858389761
5,risk_neutral,0,0.7659085979032355,0.585561932809784,4059.9172739515307,0.6987561248964711
5,risk_neutral,1,0.9151092953481916,0.5129779446244612,4044.4651763078127,0.7294455766798619
5,risk_neutral,2,0.9165887589027802,0.5021353878414858,4017.7925544943064,0.7515753297927537
5,risk_neutral,3,0.8676320321499147,0.5160823653589303,4056.590965420847,0.7624071944545444
5,risk_neutral,4,0.8658928921378063,0.5147964066106698,4119.672133724325,0.7668197642909029
5,risk_neutral,5,0.95,0.474865109943775,4014.201550542183,0.7839205203609715
5,risk_neutral,6,0.8626181745085869,0.4937327848391028,4019.1462302293635,0.8181613260413293
5,risk_neutral,7,0.95,0.4605790638673828,4004.758771696357,0.8160744701815914
5,risk_neutral,8,0.95,0.4632259615080349,4061.2374577229903,0.8100424275087305
5,risk_neutral,9,0.8622605628938806,0.49768347408812785,4141.726033980225,0.8092576980347556
5,risk_neutral,10,0.8806449339800163,0.4895829834020739,4160.033760302835,0.8109980276426033
5,risk_neutral,11,0.95,0.47036530329463055,3900.1864237410987,0.7939427843379304
5,risk_neutral,12,0.8831998553782535,0.49589154704387317,4115.228033174853,0.794155509704904
5,risk_neutral,13,0.95,0.477017426851536,3844.988033012185,0.7791602678749545
5,risk_neutral,14,0.95,0.47300286719813034,3990.2368860373062,0.788056661872541
5,risk_neutral,15,0.95,0.47725202905696645,4193.246377811281,0.7786426998162203
5,risk_neutral,16,0.8935682742810396,0.49366989840197106,3906.864265552973,0.789965610160299
5,risk_neutral,17,0.9075863374306219,0.48168052166872244,4117.271857481282,0.8048536791279093
5,risk_neutral,18,0.9473503550445996,0.4517831609611978,3996.7824952973333,0.8387107709561445
5,risk_neutral,19,0.95,0.45676125088869196,4023.0857199670563,0.8248362647787768
6,risk_neutral,0,0.8758291961777752,0.7085919179673427,3868.1017613004606,0.3933135521785691
6,risk_neutral,1,0.95,0.6459387349027864,3739.5249079208043,0.46005328137757007
6,risk_neutral,2,0.95,0.6004364764821655,3972.526584819155,0.5369457130881454
6,risk_neutral,3,0.95,0.5731603805024155,3866.923416186387,0.5858839002802605
6,risk_neutral,4,0.9235981501073522,0.5711429884475331,3904.739117919665,0.6064495506123476
6,risk_neutral,5,0.9024038311481837,0.5528713367713036,4127.4586770964415,0.656723684165441
6,risk_neutral,6,0.8820437148049804,0.5342385817219246,4181.239386408451,0.7107502122921753
6,risk_neutral,7,0.8843962296114558,0.5240581630927995,3874.70585221047,0.7306143795254775
6,risk_neutral,8,0.9163056872153932,0.4840480213774167,4009.219038421848,0.7918439987754488
6,risk_neutral,9,0.8935024394481167,0.4965330947499505,3955.970996510437,0.7835514607640115
6,risk_neutral,10,0.8974157165445905,0.48475095136495433,3821.8700014954115,0.806894741113499
6,risk_neutral,11,0.9229155283545257,0.4837563542105926,4113.351549081886,0.7868259630435089
6,risk_neutral,12,0.856520976739073,0.5281335654235128,3912.942658822581,0.745347842944076
6,risk_neutral,13,0.95,0.4713661673318385,4145.967066726382,0.7917053280750227
6,risk_neutral,14,0.95,0.46756467632611187,3927.192644311391,0.8002290470943175
6,risk_neutral,15,0.9014468985446134,0.4751139781211709,4032.11310327282,0.8255622721582858
6,risk_neutral,16,0.8806712017955048,0.4793807948447098,3910.300857108683,0.8348859564176453
6,risk_neutral,17,0.95,0.4426820935300125,4098.33474336065,0.8577930403991723
6,risk_neutral,18,0.95,0.460108607724284,3911.8761526120225,0.8171502248617437
6,risk_neutral,19,0.9239653832728769,0.46787361335456795,4270.909717407246,0.8220622657751592
7,risk_neutral,0,0.8601333732372894,0.7152459740619241,3589.189720307171,0.38962419807171755
7,risk_neutral,1,0.8644424443666412,0.7067967047263699,3773.569015443877,0.4014289245654815
7,risk_neutral,2,0.95,0.6638806988858507,3737.2037253996973,0.431213490527357
7,risk_neutral,3,0.95,0.6769539951627852,3719.838380905644,0.4106862761559324
7,risk_neutral,4,0.95,0.6558902199692025,3729.9855154754823,0.44395984384225734
7,risk_neutral,5,0.95,0.6146320080461322,4015.888721564217,0.5123490012268891
7,risk_neutral,6,0.9197327298311359,0.6294524912102027,3817.732735182877,0.5033037142274981
7,risk_neutral,7,0.95,0.6023523421633626,3845.362274107044,0.5335923356849515
7,risk_neutral,8,0.95,0.5748001563531139,3928.1846271042386,0.5828766871202442
7,risk_neutral,9,0.95,0.5919679259418793,3962.516048154691,0.5518977102295848
7,risk_neutral,10,0.8767163071328952,0.5982803922407542,3646.841545383828,0.5859315577887858
7,risk_neutral,11,0.9261668528187215,0.5528300885260087,4055.4283210450367,0.6399544281787034
7,risk_neutral,12,0.9467328503376203,0.5293547243111872,3935.9393707961726,0.6718859657881338
7,risk_neutral,13,0.95,0.518278714532309,3831.5895706235515,0.6918338131387183
7,risk_neutral,14,0.9180105554505233,0.517106758316064,3998.359460917526,0.7184077852913294
7,risk_neutral,15,0.95,0.4982318666808127,3863.2292362412973,0.733357594283102
7,risk_neutral,16,0.9486689523849934,0.5068144199713465,4010.5736001793452,0.7163830715121715
7,risk_neutral,17,0.95,0.48437212351550885,4077.404687314883,0.7630545446745114
7,risk_neutral,18,0.9237965988173634,0.4796514720107514,4117.608648973736,0.795300112315434
7,risk_neutral,19,0.95,0.4598371029812603,3950.889752187358,0.8177715538626026
8,risk_neutral,0,0.8910108399396617,0.6410275164352114,3942.807469644659,0.4990768638200957
8,risk_neutral,1,0.95,0.6118770121732525,3873.6396701806857,0.5170778707013679
8,risk_neutral,2,0.95,0.6054355042337036,4105.098282886612,0.5282181454783899
8,risk_neutral,3,0.95,0.5732478941700826,3767.2283121086084,0.5857231902568071
8,risk_neutral,4,0.9011218937263656,0.5536945059925598,3697.184998146927,0.6560068972600098
8,risk_neutral,5,0.908664890273104,0.5356811022857196,3903.668334580249,0.6869598023137904
8,risk_neutral,6,0.9442231175997625,0.51092695247742,3967.7924022327616,0.7111970006049574
8,risk_neutral,7,0.9302161814011302,0.5054247733590554,4232.8085935846675,0.7335456870580594
8,risk_neutral,8,0.8992085622896995,0.5082462632071663,3803.4911993944606,0.7526498380426089
8,risk_neutral,9,0.9428995354547255,0.4731192151425062,4110.242694725506,0.7937302476405648
8,risk_neutral,10,0.95,0.47511943350943975,3991.368515695303,0.7833569132481406
8,risk_neutral,11,0.893298990703252,0.5050125447829701,4211.341495631637,0.7647741864379455
8,risk_neutral,12,0.9301934680489523,0.4848195655410626,3822.3331076913846,0.7783095796143077
8,risk_neutral,13,0.9475460135488911,0.4895844611693633,4265.932387354564,0.7537346744992639
8,risk_neutral,14,0.95,0.4880714883983378,3945.1377118041232,0.7550456749878328
8,risk_neutral,15,0.95,0.4802597431322297,4074.400333327548,0.7720296735932513
8,risk_neutral,16,0.9129407141774992,0.47766778255721304,4138.232398430156,0.8092965865393577
8,risk_neutral,17,0.9279502468968771,0.4738033707489498,4055.209367217385,0.8049600455349147
8,risk_neutral,18,0.9499281031525078,0.4694736864770183,4134.717223414631,0.7960002712177857
8,risk_neutral,19,0.95,0.467831543906681,4227.536705247746,0.799628417662105
9,risk_averse,0,0.8613812939232093,0.6043321233237733,5837.226973202701,0.584678774280888
9,risk_averse,1,0.9296450187918561,0.5614515393884345,5842.314388187175,0.6209142226232859
9,risk_averse,2,0.8834255225376638,0.5538675655635859,5818.872897921729,0.6687939810073291
9,risk_averse,3,0.9427494880952217,0.5279208803327216,5846.140177220705,0.6776019106088962
9,risk_averse,4,0.9381401125161682,0.5102781691211955,5967.231166878331,0.717162887857493
9,risk_averse,5,0.95,0.4830566193702385,5963.990606237727,0.7659172714008211
9,risk_averse,6,0.95,0.48663749598412415,5936.690747609746,0.7581429415820765
9,risk_averse,7,0.95,0.48457916868077927,5790.655012502126,0.7626046927896865
9,risk_averse,8,0.95,0.48048203657722494,5947.94766394782,0.7715425643426441
9,risk_averse,9,0.95,0.4786252247375778,6021.171462707289,0.7756183154067803
9,risk_averse,10,0.9117644267807788,0.48545652157492497,5801.110151127228,0.7926011675254241
9,risk_averse,11,0.9353466089739909,0.4680102644567666,5766.45992789465,0.8117472639772947
9,risk_averse,12,0.95,0.46257752516190037,6008.546373956694,0.8115169622157618
9,risk_averse,13,0.9022801639303744,0.4762994088750552,6084.406283327052,0.8220380341978392
9,risk_averse,14,0.95,0.4486775702161473,5835.8302697792415,0.8436323743417243
9,risk_averse,15,0.95,0.4480333244439436,6147.204279444415,0.8451449099095324
9,risk_averse,16,0.926540547797541,0.45759080258735996,6095.965924543507,0.8437622511155095
9,risk_averse,17,0.95,0.45795612305387146,6142.8926840614695,0.8220862112101052
9,risk_averse,18,0.95,0.4617526674951214,5787.303086559773,0.8133956663099667
9,risk_averse,19,0.95,0.4575351905355835,6029.508503993538,0.8230541873907686
10,risk_averse,0,0.8143638463913192,0.6401434138925266,5407.256500775861,0.5477441631294124
10,risk_averse,1,0.8824709348508105,0.5878938365507395,5455.116215415808,0.6019562531634208
10,risk_averse,2,0.9499482347508441,0.5421353559302466,5389.9616302093245,0.6444978285504326
10,risk_averse,3,0.9266469060452317,0.5357273710156125,5406.056794000224,0.6735358197430016
10,risk_averse,4,0.95,0.4994271245595567,5635.358673715097,0.7308353561212245
10,risk_averse,5,0.95,0.488564798576511,5758.357391165284,0.7539822823556959
10,risk_averse,6,0.9390824181953109,0.4866305168699141,5796.772672831552,0.7669722296528807
10,risk_averse,7,0.9420863012121861,0.4709238099391497,5513.228301089567,0.7993524153986267
10,risk_averse,8,0.95,0.4690495741076198,5515.604500697882,0.7968913835788287
10,risk_averse,9,0.9029957472662479,0.47062230813078787,5962.649092453787,0.8346655036873917
10,risk_averse,10,0.95,0.44927052481195273,5896.100488191804,0.8422421763411813
10,risk_averse,11,0.9480003357133253,0.4442256518094554,5856.944676920442,0.8559307315495475
10,risk_averse,12,0.9229950211560534,0.447411110556308,5784.882077391834,0.8713778278228402
10,risk_averse,13,0.95,0.4289815232090813,5633.3217553834775,0.8908857162361434
10,risk_averse,14,0.95,0.4295477397675761,5787.0086399261245,0.8894972544978824
10,risk_averse,15,0.95,0.42528319108227414,5901.558806911136,0.9
10,risk_averse,16,0.95,0.43024908152401464,5740.429103628948,0.8877799775182075
10,risk_averse,17,0.95,0.42666716175907443,5963.26280216866,0.8965800530151857
10,risk_averse,18,0.9490137654454269,0.4305908685651813,5518.65301547742,0.887865836367491
10,risk_averse,19,0.95,0.4310335878181923,5703.640687828348,0.8858623809917558
11,risk_averse,0,0.8536832134584043,0.5311415987920814,5489.083584884367,0.7411726257726048
11,risk_averse,1,0.9015938357154204,0.47825175245674595,5316.8071972050775,0.8181267186372925
11,risk_averse,2,0.9345499807999573,0.47426005429794216,5520.872704821397,0.7982445939764486
11,risk_averse,3,0.9346276615285523,0.47136367839995186,5218.730087311541,0.8047325934122068
11,risk_averse,4,0.9382759887319981,0.4612504024043811,5593.486882621254,0.8247191876370019
11,risk_averse,5,0.95,0.45505932888072415,5366.529361461613,0.828765763565458
11,risk_averse,6,0.9228991712735692,0.4692332103550556,5283.601045367765,0.819867876634481
11,risk_averse,7,0.912882361789473,0.47730334521437323,5672.361516529801,0.8101843976095062
11,risk_averse,8,0.9422186832829434,0.45978692817129196,5557.498286679643,0.8246409355092165
11,risk_averse,9,0.95,0.4538028413796507,5369.321910298941,0.831676258265503
11,risk_averse,10,0.95,0.45363027419198976,5516.803338830623,0.8320766176314875
11,risk_averse,11,0.9397188033916021,0.4576422741285794,5429.40649249827,0.8318099606907583
11,risk_averse,12,0.8964380343985235,0.47214385253613006,5447.470474762105,0.8371706004324779
11,risk_averse,13,0.9285795292151238,0.4658532499340583,5655.487894653769,0.8226377867738244
11,risk_averse,14,0.9460612143596983,0.4735411710313317,5395.73739051582,0.7901353615961739
11,risk_averse,15,0.95,0.4724619600892591,5442.432995888401,0.789261097933539
11,risk_averse,16,0.95,0.4674737386621804,5371.777053911956,0.8004337955956354
11,risk_averse,17,0.9169478881140466,0.4881600975198443,5618.847890918212,0.7820639182870964
11,risk_averse,18,0.9275088113424218,0.4795740882902695,5572.561788040092,0.7922910015016164
11,risk_averse,19,0.9361976970551935,0.46068901917267757,5288.426790434795,0.8278508319932183
12,risk_averse,0,0.9107121858372199,0.5460619645931712,5051.198779704959,0.6643403160949886
12,risk_averse,1,0.9397228514338255,0.5205139253958493,5149.210205100907,0.6948204317966999
12,risk_averse,2,0.95,0.5055284810948737,5250.895906036257,0.7180535786165181
12,risk_averse,3,0.9389116899186909,0.4919718825216377,5322.025189400661,0.7554850164136391
12,risk_averse,4,0.95,0.47999677644640815,5457.596317396221,0.7726062008835799
12,risk_averse,5,0.95,0.4898134220423812,5294.853600531826,0.751295507085641
12,risk_averse,6,0.95,0.48837783158540066,5062.233391538782,0.7543851870000222
12,risk_averse,7,0.95,0.48986397756723615,5322.535488655664,0.7511868665433135
12,risk_averse,8,0.9312680515923926,0.4897467650015635,5448.2279558500295,0.7665535463891198
12,risk_averse,9,0.95,0.47938919198172786,5194.859338096816,0.7739394759177197
12,risk_averse,10,0.95,0.4970554533533468,5458.643286852097,0.7358459820484105
12,risk_averse,11,0.95,0.49762863267690904,5212.095409054286,0.734632839641416
12,risk_averse,12,0.9264497012089211,0.5093422666435784,5474.12074674643,0.7281939407779796
12,risk_averse,13,0.8981319882816345,0.5053863982431573,5317.631629698297,0.7598348640835378
12,risk_averse,14,0.9455575489038966,0.4780421889288789,5060.499872789451,0.7805514216279731
12,risk_averse,15,0.95,0.4633867256954256,5183.847375163781,0.8096771714218104
12,risk_averse,16,0.9304090827362583,0.4771545161576247,5260.626575854731,0.7952576141328233
12,risk_averse,17,0.9499032970900301,0.47385256810460064,5246.989127429515,0.7862474482521526
12,risk_averse,18,0.95,0.46934881866111,5110.86251473151,0.7962200391265442
12,risk_averse,19,0.95,0.4803804617501247,5125.087679196162,0.7717651162087357
13,risk_averse,0,0.9052025719329743,0.5931523054680076,5355.457738550764,0.5770024194098633
13,risk_averse,1,0.919438382767408,0.5601081138199173,5319.069032896682,0.6304125043696605
13,risk_averse,2,0.9116830936749027,0.5638508829622062,5278.983810248928,0.6284699785790665
13,risk_averse,3,0.95,0.5518449312293359,5198.951929590661,0.6257770461651745
13,risk_averse,4,0.940594109414828,0.536719901445808,5287.723290274844,0.6615807106614385
13,risk_averse,5,0.8910837426384833,0.536619365765857,5087.791963262035,0.6985496672148085
13,risk_averse,6,0.9138694925200767,0.5068464020051997,5350.977059946139,0.7435933483695985
13,risk_averse,7,0.9320238252029477,0.472206890330776,5335.714744457507,0.8050631777555872
13,risk_averse,8,0.9066641290653186,0.47620356243283263,5604.9607984010945,0.8182852284702866
13,risk_averse,9,0.9173063398111718,0.47433331040755594,5183.808188686767,0.8130817214743747
13,risk_averse,10,0.9323528986262846,0.47550904164785973,5187.89101986564,0.7973047364795487
13,risk_averse,11,0.9333057424168139,0.4752687312372584,5540.322815921028,0.7970323669328582
13,risk_averse,12,0.95,0.4598877742444471,5461.211373961729,0.8176555666295716
13,risk_averse,13,0.9024246307884245,0.4694828096544778,5428.2856850886055,0.8378800504347889
13,risk_averse,14,0.95,0.4464562904083997,5565.069037520317,0.84885660766281
13,risk_averse,15,0.9249085752796794,0.46249129845117387,5271.991971142913,0.8337337948597693
13,risk_averse,16,0.95,0.44765235129061637,5278.981825351621,0.8460403677849272
13,risk_averse,17,0.95,0.4488618177795597,5351.831413131087,0.8432002043246527
13,risk_averse,18,0.9303015640566152,0.44872058415129973,5424.225882363659,0.8613926095873893
13,risk_averse,19,0.9437445989277266,0.44710180143036754,5518.540545146521,0.8529521308209091
14,risk_averse,0,0.9043034026625216,0.5038316468377356,6284.87818264131,0.7580565314100769
14,risk_averse,1,0.9393548884248875,0.48135779337248036,6046.352356311232,0.778347396965983
14,risk_averse,2,0.95,0.4776323346244197,6211.9739943657,0.7778042282979014
14,risk_averse,3,0.9068130783987144,0.4832338344684129,6013.545571650968,0.8019895505172762
14,risk_averse,4,0.8992887761993541,0.4924029678250463,6304.01523975241,0.7877979534222928
14,risk_averse,5,0.9340119973083554,0.4805344616866172,5988.211804257269,0.7846326757942129
14,risk_averse,6,0.9333977035134147,0.49091970312561073,6065.83851606613,0.7622417532265495
14,risk_averse,7,0.9349573134426595,0.5012386573616108,5992.75147315199,0.7387213505814944
14,risk_averse,8,0.95,0.4801585272366542,6157.499163423138,0.7722515416098348
14,risk_averse,9,0.95,0.4854855054221369,6208.539042942359,0.760637733311242
14,risk_averse,10,0.9195311523584526,0.4959885774751828,6139.884889651987,0.7625651181124419
14,risk_averse,11,0.9371281267535208,0.47613973216679273,6203.474758573132,0.7918275971802764
14,risk_averse,12,0.9466775232426222,0.466411467296737,5878.863122286667,0.8056461030228765
14,risk_averse,13,0.9334823672985196,0.47110405811041517,6323.798656308078,0.8063101195737564
14,risk_averse,14,0.9436222487586342,0.4693114097781139,6130.457217065716,0.801685997907516
14,risk_averse,15,0.8982135057188946,0.4834341878953353,5965.347490432709,0.8092063688246215
14,risk_averse,16,0.9018664564535871,0.47259459211884997,6218.22965330031,0.8310735494825671
14,risk_averse,17,0.95,0.4455372716820526,6398.694709274753,0.8510256557734899
14,risk_averse,18,0.9334549878203101,0.444502624757226,6022.6932376348395,0.8686003392335537
14,risk_averse,19,0.9166270680101035,0.44868675031141747,6199.567905338137,0.8743253646595692
15,risk_averse,0,0.8753281778133704,0.6303950336717623,5906.699964452006,0.5271264312327779
15,risk_averse,1,0.95,0.5862165457417798,5978.433855963085,0.5621747638765184
15,risk_averse,2,0.95,0.5857985397218921,5881.872971321967,0.5629256182995339
15,risk_averse,3,0.9014649828332503,0.5885297073712337,5608.3446244921615,0.5880737286927421
15,risk_averse,4,0.95,0.5345906260738389,5732.390822967807,0.6592147472613069
15,risk_averse,5,0.9329903757257172,0.5327928488787874,6078.99276068263,0.6748435975347897
15,risk_averse,6,0.9335898029854196,0.5115289450642767,6046.348111847959,0.7180360201631698
15,risk_averse,7,0.9286726982084469,0.4916583501093746,6228.348747516398,0.7645010081816898
15,risk_averse,8,0.9223644812423117,0.5069178434002932,5881.42630283987,0.7365920380865884
15,risk_averse,9,0.9055912004487603,0.5040260357543476,6011.475743988038,0.7565525743434186
15,risk_averse,10,0.95,0.460847055158518,5922.093990790048,0.8154621669310949
15,risk_averse,11,0.95,0.4544413046047027,5879.938693935035,0.830196333145456
15,risk_averse,12,0.95,0.46193637330202264,5926.001445177402,0.812976965800187
15,risk_averse,13,0.9195844430916214,0.46789902390965626,5971.982112572174,0.8259195476030339
15,risk_averse,14,0.95,0.4455232917536937,5930.683935875478,0.8510586854342493
15,risk_averse,15,0.9189751036351597,0.447841618748925,5793.1165478970215,0.8741429832800788
15,risk_averse,16,0.95,0.4433254201058468,5983.4384237243385,0.8562644168200605
15,risk_averse,17,0.9248619925289084,0.4466678051409336,6066.360586166053,0.8714166355585867
15,risk_averse,18,0.9349268527127103,0.4483124822091514,5854.980852123907,0.8581043345281296
15,risk_averse,19,0.95,0.4494937931623583,5882.288627180689,0.841719193137797
16,risk_averse,0,0.8533910091868885,0.6341347095927111,5639.216899057499,0.533745805279092
16,risk_averse,1,0.9009043557446786,0.6087591557054585,5682.549182059902,0.5509270338857875
16,risk_averse,2,0.95,0.5698419982532228,5670.4445400678005,0.5919959501330991
16,risk_averse,3,0.95,0.5505770258185517,5667.727019367807,0.6281983293307388
16,risk_averse,4,0.95,0.5314958252744056,5749.594093445692,0.6653262482544167
16,risk_averse,5,0.95,0.5180370500363161,5605.833399350861,0.6923247516987615
16,risk_averse,6,0.94573730374731,0.4969304038327529,5776.433322855888,0.7394286896052235
16,risk_averse,7,0.9113332707061599,0.5167534589683345,5586.894769140572,0.7244214690343872
16,risk_averse,8,0.8861874474747381,0.5134120894166969,5687.386074212541,0.7522973440534407
16,risk_averse,9,0.9210181385710962,0.49209053412840204,5824.917398964877,0.7699007622825504
16,risk_averse,10,0.941634320084838,0.47430693980023375,5740.688586672541,0.7921340573803917
16,risk_averse,11,0.9336522845105021,0.48419218470300945,5781.711771286468,0.7768131533323837
16,risk_averse,12,0.95,0.47277014853778315,5689.471731513654,0.7885746868357403
16,risk_averse,13,0.9490764049275975,0.4920287002056669,5817.652336647936,0.7472720075618411
16,risk_averse,14,0.95,0.4983696142584511,5961.9586003643,0.7330666104669183
16,risk_averse,15,0.95,0.5109892318415731,5776.6198018020805,0.7067439597026776
16,risk_averse,16,0.95,0.47438976732707155,5748.698178704037,0.7849747381542423
16,risk_averse,17,0.95,0.45716201472660084,5799.239741011511,0.8239130872771325
16,risk_averse,18,0.9196421807190988,0.45284836705965703,5942.976588659726,0.8614197529163645
16,risk_averse,19,0.9387578375974711,0.4477758894921476,5668.937259658901,0.8558782533926392
17,risk_averse,0,0.8527508588717307,0.5283505124460713,5343.333828966292,0.7481615052734382
17,risk_averse,1,0.95,0.49554020745158145,5370.857544169638,0.7390597718885636
17,risk_averse,2,0.95,0.48120939192111944,5402.678523509833,0.7699502919621255
17,risk_averse,3,0.95,0.489122539685261,5407.715637449001,0.7527812931546318
17,risk_averse,4,0.95,0.4947934269064316,5645.422445350614,0.7406472872593259
17,risk_averse,5,0.95,0.49833609548793495,5498.336977214654,0.7331374095322816
17,risk_averse,6,0.95,0.49179393442900854,5506.58033415993,0.7470478765115868
17,risk_averse,7,0.95,0.4806891103339926,5799.807348934802,0.7710890085329057
17,risk_averse,8,0.9303896257808774,0.4758990181591157,5334.958519613778,0.7981060551468858
17,risk_averse,9,0.95,0.4637593197378112,5498.798350051719,0.8088311250449998
17,risk_averse,10,0.95,0.469685570405439,5613.368142754162,0.7954650603107108
17,risk_averse,11,0.95,0.4678421796760114,5666.414745008569,0.7996044872120307
17,risk_averse,12,0.95,0.4601683873267051,5696.363006217848,0.8170134706068568
17,risk_averse,13,0.9469404003621896,0.46796825588975416,5452.619429527953,0.8019034929441778
17,risk_averse,14,0.95,0.47608895413571956,5706.701345136562,0.781211119762033
17,risk_averse,15,0.9464475468585161,0.4660573253326783,5420.601933779509,0.8066444244279629
17,risk_averse,16,0.95,0.4649747542422698,5436.283753315934,0.8060759650744739
17,risk_averse,17,0.95,0.47349266398663276,5706.152516236809,0.786967220674184
17,risk_averse,18,0.9456010467786918,0.4748480482464963,5825.635405358107,0.7876053300611937
17,risk_averse,19,0.8937702190016122,0.4869688257314868,5721.459488915599,0.8050784816078671
18,risk_loving,0,0.08577912091489011,0.9764908823500128,2333.757953980048,0.27733865218504417
18,risk_loving,1,0.05,0.9860994836712327,2317.103187192237,0.2799606650178792
18,risk_loving,2,0.17625841034271822,0.9496983094433508,2353.568100659466,0.29281390731887563
18,risk_loving,3,0.1415509485265329,0.9571386013237693,2305.088256545276,0.309479162820433
18,risk_loving,4,0.3616310993686887,0.8739905071643187,2551.1475399230007,0.37243966292934544
18,risk_loving,5,0.21838375845137156,0.9162647984370872,2474.501090969056,0.40044129399037465
18,risk_loving,6,0.05,0.9783571042580149,2465.695273360427,0.437610766311579
18,risk_loving,7,0.05,0.9779027495230521,2293.821199676982,0.44690104014211074
18,risk_loving,8,0.09155507414742309,0.9574667787291175,2351.109830770606,0.47473342988645056
18,risk_loving,9,0.22755028210780132,0.8823470144169261,2696.2433363712594,0.5500756088336407
18,risk_loving,10,0.16588735936233548,0.9068002828784996,2638.096216084947,0.5897558968471642
18,risk_loving,11,0.11548376975855947,0.9322049301876312,2716.849727099071,0.6079001961772659
18,risk_loving,12,0.05,0.9685642985013947,2636.145610978485,0.6388081711868622
18,risk_loving,13,0.05,0.9667022886673229,2659.2065757094256,0.6772940401826439
18,risk_loving,14,0.0660894204199062,0.9553599640342252,2735.1545363624805,0.6909893223395005
18,risk_loving,15,0.05,0.9643114905787336,2523.5886911158505,0.7268182711520482
18,risk_loving,16,0.13917005810695754,0.9004442141947749,2735.2058779702793,0.7535174413447949
18,risk_loving,17,0.05,0.9605319445359194,2809.028571666749,0.8053607818063444
18,risk_loving,18,0.05,0.9601659592963432,2544.744135630678,0.8129827038853035
18,risk_loving,19,0.08045291187893566,0.9337997330897795,2792.7934024035058,0.8513462182789481
19,risk_loving,0,0.05,0.9854251775698535,1952.27392464049,0.29364157179889055
19,risk_loving,1,0.19401172154494728,0.9371613680289844,2123.5511516031866,0.3345148082169083
19,risk_loving,2,0.1858540380880411,0.936620157099129,2063.6344917124966,0.3523058286569078
19,risk_loving,3,0.05,0.9804253446800778,2140.4084671796704,0.3953755259090382
19,risk_loving,4,0.11556039128734263,0.9508210203794815,2167.8186538466316,0.4363903157543575
19,risk_loving,5,0.05,0.9776718779331566,2166.3631127706594,0.45162336753839977
19,risk_loving,6,0.1355736431175224,0.9369586933902576,2239.7020294366334,0.48030044862133126
19,risk_loving,7,0.13404807147262449,0.9361413073147252,2266.6306096355147,0.4922774630100402
19,risk_loving,8,0.05,0.9732837500208767,2095.4460349873125,0.5415923088973601
19,risk_loving,9,0.05,0.972181875382125,2272.4787506503944,0.5642475486957204
19,risk_loving,10,0.05,0.9711625493700698,2284.9340951124595,0.5852284122534519
19,risk_loving,11,0.09914127563555271,0.9381344113117855,2351.5253082710474,0.6441519356171007
19,risk_loving,12,0.05,0.9679372610691108,2141.129885566954,0.6517601350228645
19,risk_loving,13,0.05,0.9655303106727763,2168.29730901892,0.7015556769786964
19,risk_loving,14,0.17119499354877504,0.8775784587381695,2298.619820730265,0.7628080311499611
19,risk_loving,15,0.08295993419427661,0.9367900128635542,2586.1995188717983,0.787080273089792
19,risk_loving,16,0.11265444048273296,0.9088383445125219,2289.599876397334,0.8485066281485404
19,risk_loving,17,0.13422858116240627,0.8907236197954606,2339.1240469820264,0.8621195996769176
19,risk_loving,18,0.13146644227283938,0.8899091701472288,2284.1821079879583,0.8871912517135733
19,risk_loving,19,0.16046400770691396,0.8655262228226026,2323.6996741173393,0.9
20,risk_loving,0,0.2544764903627422,0.8928291549887221,2239.7022394099963,0.4454636734786582
20,risk_loving,1,0.13655095132653203,0.9374696614735432,2112.477338145097,0.47287025193755466
20,risk_loving,2,0.25217511988506136,0.8788230794827048,2188.204356894784,0.5122300581358781
20,risk_loving,3,0.14630176061765263,0.9264643025285773,2318.42500204854,0.5220700219700756
20,risk_loving,4,0.0857351487093276,0.9533446170140878,2286.866612925455,0.5572840147465927
20,risk_loving,5,0.1871779889909864,0.8967354411182082,2282.2379040318283,0.582303498671976
20,risk_loving,6,0.1508102372291799,0.9093448626615341,2261.72703438972,0.6301354048191689
20,risk_loving,7,0.05,0.9656809665394456,2389.6908629590916,0.6984352339955249
20,risk_loving,8,0.14716095632513876,0.8988680740845375,2260.7276029122777,0.7245060466078349
20,risk_loving,9,0.05,0.9639737040196839,2311.8333563793394,0.7338252546304471
20,risk_loving,10,0.05,0.9611992602996393,2546.0477345408094,0.7914708935875853
20,risk_loving,11,0.05,0.9605126475289578,2291.9892947536296,0.8057625841807808
20,risk_loving,12,0.05,0.9580941161304805,2589.6238927581608,0.856185270586902
20,risk_loving,13,0.05,0.959164061610402,2322.701938525405,0.8338628603155045
20,risk_loving,14,0.1154373959393618,0.9041864962743185,2377.48614111781,0.872504424230309
20,risk_loving,15,0.1302339125569688,0.8893979362424312,2502.1660631429095,0.9
20,risk_loving,16,0.09205518100741869,0.920489520537495,2605.990728131843,0.9
20,risk_loving,17,0.15797312508945838,0.867468731162232,2379.9489011304713,0.9
20,risk_loving,18,0.05,0.9559974818330998,2646.9917489875425,0.9
20,risk_loving,19,0.09660127981568643,0.9167310419862429,2306.2914882261302,0.9
21,risk_loving,0,0.2622115047149128,0.8801536952110366,2828.025992277112,0.48685405032074586
21,risk_loving,1,0.27319910197319264,0.8601752617399632,2805.4387402282036,0.551316298951053
21,risk_loving,2,0.05,0.9711833532317395,2855.13024368516,0.5847999847186318
21,risk_loving,3,0.06405574466538012,0.9617153764329518,2858.901453679311,0.6094182308127583
21,risk_loving,4,0.06815882944266896,0.9586041737968665,2925.189673578776,0.620272363200039
21,risk_loving,5,0.08707937837612015,0.9441837908815737,2938.799568419976,0.659564171536056
21,risk_loving,6,0.08912548679301877,0.94038037267587,2986.4416269989706,0.6897110579318053
21,risk_loving,7,0.24537206760953362,0.8416330939242365,2847.296109066942,0.7026517599287622
21,risk_loving,8,0.2606764360875172,0.8287916282006692,3076.1085336911783,0.720381602018375
21,risk_loving,9,0.07094743476350919,0.9493015414667832,2903.655561214349,0.7333427131796715
21,risk_loving,10,0.05,0.9621291198977109,2771.980577572391,0.7721323411054815
21,risk_loving,11,0.2198980111559508,0.8447993379798638,3059.7145449411855,0.7669744204830324
21,risk_loving,12,0.13790993710626917,0.8918157009332783,2965.1277933812135,0.8302213999624226
21,risk_loving,13,0.2511247102222205,0.8067294867492195,2866.7692613839663,0.85522000286734
21,risk_loving,14,0.29494130506175065,0.7767673015725647,3050.102326857112,0.8564906044313969
21,risk_loving,15,0.05,0.9559974818330998,3257.1908293098018,0.9
21,risk_loving,16,0.05,0.9559974818330998,3127.6677459280563,0.9
21,risk_loving,17,0.05,0.9559974818330998,2969.343304406755,0.9
21,risk_loving,18,0.11813209637940543,0.8991378792065312,2969.3345152183333,0.9
21,risk_loving,19,0.2909254021232716,0.7701511804527494,3285.4468245839753,0.8977161954570488
22,risk_loving,0,0.05,0.98744237360142,2427.8041786825224,0.2527427951258413
22,risk_loving,1,0.05,0.9848211778940438,2401.648636213854,0.3059039915324597
22,risk_loving,2,0.138404539636105,0.9596461530660061,2484.7632049998288,0.2976105634323379
22,risk_loving,3,0.0904505860400438,0.9700517728415783,2495.8687678690494,0.33615962236120106
22,risk_loving,4,0.09923757367856112,0.9618702000878752,2599.7353665752175,0.39174440811520905
22,risk_loving,5,0.05,0.9772818815225991,2592.2524600419833,0.4596030225833284
22,risk_loving,6,0.09121091610202864,0.9569429634716786,2675.4264955017743,0.48252435656058623
22,risk_loving,7,0.15343947710559053,0.9270680068780951,2719.950937866651,0.4935389197592918
22,risk_loving,8,0.10524105338952144,0.9435830314995277,2760.499300275244,0.551789558031181
22,risk_loving,9,0.05,0.9702575366462339,2549.864170330396,0.6038748205379701
22,risk_loving,10,0.06165785120124638,0.9618010717833996,2681.2081019271573,0.6316735829868887
22,risk_loving,11,0.15676801450729977,0.8980172915745092,2774.2113649027197,0.6861473340240292
22,risk_loving,12,0.05,0.9647586344161664,2783.821801374522,0.7175465740862508
22,risk_loving,13,0.05728723065644413,0.9583794774587341,2646.9051110959704,0.7420757592771547
22,risk_loving,14,0.05,0.9629314500542312,2799.8196583417002,0.755461069240053
22,risk_loving,15,0.11141839214047619,0.9160395796390962,2952.721585721028,0.7870846486273484
22,risk_loving,16,0.05,0.959854279452587,2993.064991472867,0.8194759655750253
22,risk_loving,17,0.1329373405561599,0.8920513195658524,2767.0562106607326,0.8592891540752886
22,risk_loving,18,0.05,0.9559974818330998,2801.516315670623,0.9
22,risk_loving,19,0.08124453716793237,0.9294892070521115,2950.7608829667593,0.9
23,risk_loving,0,0.05,0.9844962774820811,2060.6733674586526,0.3125032407093448
23,risk_loving,1,0.09122184022439335,0.9642261127516347,2195.4552006496974,0.39935014454677586
23,risk_loving,2,0.05007079492770683,0.979496221450737,2257.774067716632,0.4137521536373842
23,risk_loving,3,0.0825714938247125,0.9613089458586065,2142.7211527921563,0.4778820889034049
23,risk_loving,4,0.05,0.9726010187513494,2309.311639542613,0.5556266712295835
23,risk_loving,5,0.07747419027463455,0.9552185663096673,2222.9605329740693,0.5913595131350101
23,risk_loving,6,0.12920327278441196,0.918152312484615,2272.802311346375,0.6609119300540086
23,risk_loving,7,0.05,0.9665529078157084,2365.7911603001503,0.6803848034131496
23,risk_loving,8,0.05,0.9641537236808089,2348.0455969404447,0.730090653710158
23,risk_loving,9,0.05,0.9624025833584237,2370.1371853212745,0.7664486007526349
23,risk_loving,10,0.0986373254301383,0.9262819059897779,2516.111900721163,0.7763456299981043
23,risk_loving,11,0.11577113995993744,0.9092032416179165,2688.3043054124546,0.8221964618399545
23,risk_loving,12,0.05,0.9559974818330998,2569.4260041967727,0.9
23,risk_loving,13,0.2331071313169646,0.8107492829806718,2713.0170820122935,0.9
23,risk_loving,14,0.19575321671843707,0.8394967214070198,2711.671647370627,0.8937411645977853
23,risk_loving,15,0.05,0.9559974818330998,2382.1952197626515,0.9
23,risk_loving,16,0.05,0.9559974818330998,2671.422050338975,0.9
23,risk_loving,17,0.05,0.9571480759029178,2695.7288935494958,0.8759434047474624
23,risk_loving,18,0.17995884776652066,0.8529638834560137,2477.0777448422455,0.8837468953317045
23,risk_loving,19,0.08127876580637856,0.9294605738581406,2354.90964882533,0.9
24,risk_loving,0,0.1043195159536475,0.9693505957575534,2291.133553125555,0.29839977992281197
24,risk_loving,1,0.05,0.9831328685120077,2283.766206961651,0.3402200325866629
24,risk_loving,2,0.05,0.9799337970002296,2374.2951557520278,0.40540527361594925
24,risk_loving,3,0.1613948633215661,0.928670653189107,2489.6279536654474,0.4585097633159268
24,risk_loving,4,0.05,0.9777183355109523,2370.372842605435,0.4506730185495369
24,risk_loving,5,0.05,0.9759461967440011,2513.8661122957524,0.48695640750876634
24,risk_loving,6,0.05,0.9749306992562642,2477.644424345518,0.5077777639262244
24,risk_loving,7,0.05,0.9731240200866011,2331.873322607113,0.544874867405135
24,risk_loving,8,0.05,0.9704759892775551,2599.3174813052437,0.5993723449672497
24,risk_loving,9,0.05,0.9691841887408783,2466.490104913907,0.6260120778917649
24,risk_loving,10,0.11034780416679837,0.9253521399942426,2712.828780554197,0.7030581407088592
24,risk_loving,11,0.37043700273925634,0.7589119584373576,2839.826871233964,0.744713684279428
24,risk_loving,12,0.22575000027885575,0.8390775652805881,2916.3316882887093,0.7771965753821666
24,risk_loving,13,0.08385458661664814,0.9325150243200022,2612.777546362182,0.8332283127465023
24,risk_loving,14,0.10295472423587025,0.9147888892134055,2676.4708615512823,0.8650595022154616
24,risk_loving,15,0.14929289406810967,0.8742721173861667,2569.8528732160253,0.9
24,risk_loving,16,0.32609703743243956,0.7456586675487226,2901.7730806406407,0.9
24,risk_loving,17,0.24253506032064298,0.8038990685695568,2844.7654351589786,0.9
24,risk_loving,18,0.3304138467859493,0.7427673081573529,2826.202931286178,0.9
24,risk_loving,19,0.21647488933284043,0.8229766912463133,2665.4510596451387,0.9
25,risk_loving,0,0.08799072347794151,0.9601168080198734,2820.6519479435583,0.46255247476811295
25,risk_loving,1,0.05,0.9762578202459493,2665.506680774835,0.48057134730229123
25,risk_loving,2,0.17076654497562466,0.9183735090826283,2737.6418972302736,0.4986404010516202
25,risk_loving,3,0.11680084627769086,0.9394589968886442,2823.9836617592896,0.5346802409156363
25,risk_loving,4,0.09790820637625862,0.946985673077034,2930.6965324183666,0.5563508583509317
25,risk_loving,5,0.05,0.9703435203880754,2902.004699359918,0.602102508983547
25,risk_loving,6,0.05,0.9705258173729003,2922.2567733807127,0.5983454918198586
25,risk_loving,7,0.05,0.9700257114326353,2956.5307117277343,0.6086540240884072
25,risk_loving,8,0.056936980265806944,0.9647061990339606,2807.643597988729,0.6310780935599668
25,risk_loving,9,0.05,0.968896579685449,2703.1821986434284,0.6319480339618334
25,risk_loving,10,0.10607693490151672,0.9286044726278755,2776.43469775329,0.6982892836101671
25,risk_loving,11,0.05,0.9641481960631406,2837.642995710093,0.7302053166187353
25,risk_loving,12,0.07645906245814163,0.9421519694236228,2968.4245933510174,0.7793541949072665
25,risk_loving,13,0.12210002341111469,0.9059922687033967,3023.4953584339582,0.8085543610677183
25,risk_loving,14,0.22423084230378587,0.8337110225088767,3115.406750427623,0.8110767929652064
25,risk_loving,15,0.08146800849468122,0.9329843591529149,2829.5689286453585,0.8514611268231091
25,risk_loving,16,0.16786111259757375,0.8666657262226464,3000.838268484905,0.8525019675762959
25,risk_loving,17,0.12791797192187163,0.891253683119578,2902.25325964205,0.9
25,risk_loving,18,0.05,0.9559974818330998,3237.3687863560103,0.9
25,risk_loving,19,0.23832310522954467,0.8069522399298474,3076.264710172385,0.9
26,risk_loving,0,0.19736582430662705,0.916990188857808,2695.38176374287,0.4390755403624347
26,risk_loving,1,0.061178315133230146,0.9716104479753,2564.2471489686372,0.4707604071504693
26,risk_loving,2,0.05,0.975038509234312,2636.1743682682686,0.5055662422737114
26,risk_loving,3,0.05,0.974651638265321,2707.573783960084,0.5135033183176095
26,risk_loving,4,0.05,0.9722162867902625,2651.871229201298,0.5635396400212395
26,risk_loving,5,0.06754949679609927,0.9601863331448339,2616.2003515128235,0.601454018990163
26,risk_loving,6,0.12409716553222767,0.9253510215346984,2886.1303131570776,0.6251724637071887
26,risk_loving,7,0.17893184314244387,0.8918925625220331,2791.9887222642233,0.6394032344947379
26,risk_loving,8,0.17176848642021014,0.8912031830906813,2863.1999580505935,0.6705702572420345
26,risk_loving,9,0.08476292392723911,0.9405790997727003,2713.0441859162806,0.7227161001661895
26,risk_loving,10,0.05,0.9615338195969507,2816.389029192092,0.7845108156821108
26,risk_loving,11,0.12127597789537431,0.9072261355921869,2825.672463035735,0.8028262401094721
26,risk_loving,12,0.15553414671003513,0.8725780205909907,2948.6586321632867,0.8763555136016119
26,risk_loving,13,0.05,0.9559974818330998,3150.766345796924,0.9
26,risk_loving,14,0.06931146336900249,0.939525501285266,3010.6106380249125,0.9
26,risk_loving,15,0.06476465083625564,0.9433780401482622,2761.3769818851133,0.9
26,risk_loving,16,0.05,0.9559974818330998,2927.8333693420827,0.9
26,risk_loving,17,0.1341254018166409,0.8872440790065694,3078.952479642375,0.891964976649831
26,risk_loving,18,0.05705774131941306,0.9499442624752291,2935.742612626129,0.9
26,risk_loving,19,0.08937543346538304,0.9227122113498364,3120.9126160890405,0.9
27,risk_loving,0,0.05,0.9755408611566908,2205.526817601658,0.4952646479656666
27,risk_loving,1,0.10054271466248177,0.9504350052793913,2260.992476142159,0.5056109641405142
27,risk_loving,2,0.32917345006685406,0.8325410385090409,2397.376124610344,0.556766539947083
27,risk_loving,3,0.13696680995214197,0.9181027332137419,2547.325787260756,0.6238444542444135
27,risk_loving,4,0.1130054647238995,0.9260084357612172,2402.949889741129,0.680249708914049
27,risk_loving,5,0.18124177641294809,0.8804461547321019,2700.1912242731287,0.7025229419737593
27,risk_loving,6,0.05,0.9630002773211479,2457.947060648869,0.7540315841556609
27,risk_loving,7,0.17838168598535614,0.8692556790475906,2630.890123391087,0.785495293804825
27,risk_loving,8,0.2249846212730272,0.82520240590438,2714.412486020945,0.8539542887920423
27,risk_loving,9,0.0947785019248534,0.919375332050808,2875.395423411291,0.8869187078204481
27,risk_loving,10,0.11323685089851845,0.9038403891806801,2786.3549272447203,0.8928409260521819
27,risk_loving,11,0.13675199062387405,0.8841957611805668,2759.2418282101125,0.9
27,risk_loving,12,0.05,0.9560366232930997,2830.735622653781,0.8991811556101356
27,risk_loving,13,0.08481068147147108,0.9265107659299169,2813.619452981008,0.9
27,risk_loving,14,0.05,0.9559974818330998,2718.704974158275,0.9
27,risk_loving,15,0.05,0.9559974818330998,2582.8387210277033,0.9
27,risk_loving,16,0.13374999122731662,0.8865879109071668,2483.720997971811,0.9
27,risk_loving,17,0.13217528864724676,0.8878453027485733,2759.363273536467,0.9
27,risk_loving,18,0.16710736336086413,0.8603666640724917,2697.9910736414395,0.9
27,risk_loving,19,0.05,0.9559974818330998,2737.501654045409,0.9
28,risk_loving,0,0.10971511548840682,0.9535967538911061,2691.83706673608,0.4330705620868779
28,risk_loving,1,0.17292138729911344,0.9222306228640949,2811.7833780999454,0.46818935881755236
28,risk_loving,2,0.14131589990723567,0.9308820277863462,2907.229682197641,0.5068270829432544
28,risk_loving,3,0.16113517191686272,0.919665599222703,2731.935523066716,0.5197198918344068
28,risk_loving,4,0.2931671658337556,0.8634799429209564,2841.8328908874605,0.5006857057184613
28,risk_loving,5,0.26632172576786184,0.8583357939349141,2824.9620775114026,0.5735915363111738
28,risk_loving,6,0.18277705271383016,0.8922573568459489,2955.7921757305094,0.6237143540666367
28,risk_loving,7,0.05,0.9675833720924075,2956.041497310512,0.659073701710474
28,risk_loving,8,0.05,0.9642653335417577,3016.1433771095726,0.7277755996111962
28,risk_loving,9,0.1523874662130004,0.8910933564561774,3183.464315935449,0.7566638037768485
28,risk_loving,10,0.09443574053518337,0.925569311655856,2859.658954008257,0.8190358681601085
28,risk_loving,11,0.059266978731560144,0.950946404700559,2824.623286779897,0.8486610231037902
28,risk_loving,12,0.11837366615095715,0.8989424163764951,3106.969980323507,0.9
28,risk_loving,13,0.22372156726277476,0.8176266942550608,3279.731815368718,0.9
28,risk_loving,14,0.05,0.9559974818330998,3027.896956728724,0.9
28,risk_loving,15,0.13185160604524127,0.8881039824952988,3182.66653206522,0.9
28,risk_loving,16,0.22346527931802967,0.8178153090856283,3125.2858263255066,0.9
28,risk_loving,17,0.08548948580914063,0.9259449112204706,3210.827806947281,0.9
28,risk_loving,18,0.053999235687027324,0.952562733585256,2997.1994652519006,0.9
28,risk_loving,19,0.05,0.9562136454805569,2826.150881018678,0.8954782472439341
29,risk_loving,0,0.1965724272603031,0.9521899725512296,2179.496577350019,0.24922474520986224
29,risk_loving,1,0.05,0.9855305040268187,2043.7553481235664,0.2915040005069724
29,risk_loving,2,0.05,0.984664130411615,2087.9188712381147,0.309093606242441
29,risk_loving,3,0.05,0.9833185888019437,2048.8763599156428,0.3364422573500059
29,risk_loving,4,0.05,0.980923607466424,2149.3583282663644,0.3852138910501381
29,risk_loving,5,0.05,0.9789832090150591,2188.79273196292,0.42481575515990744
29,risk_loving,6,0.14134737320174068,0.9372510761989709,2160.9843692973855,0.45847385520573236
29,risk_loving,7,0.057386818188946684,0.9738311810582102,2291.054528351923,0.46208025817227105
29,risk_loving,8,0.05,0.9753086068741703,2282.4318543489826,0.500026763903854
29,risk_loving,9,0.05,0.9742402546790607,2162.6689921291877,0.5219467541769214
29,risk_loving,10,0.05,0.9737735270672192,2191.80220126894,0.5315304157535629
29,risk_loving,11,0.08090069327743483,0.9545943423006578,2241.150144214739,0.574393114821295
29,risk_loving,12,0.05,0.9695860230468688,2447.874843210398,0.6177215789084126
29,risk_loving,13,0.05,0.9668403074488561,2190.6057210219133,0.6744387882312293
29,risk_loving,14,0.2757349801192177,0.8231379697232653,2685.2540847681107,0.705864195530205
29,risk_loving,15,0.15797020237271348,0.8914979924487081,2265.346109343395,0.7270491006322913
29,risk_loving,16,0.3022065634256914,0.8040137056568318,2566.8068509271197,0.7218207329413228
29,risk_loving,17,0.05,0.9637986853037214,2395.2871941578005,0.7374567770531695
29,risk_loving,18,0.1107548608127741,0.9189389458698336,2289.662986564641,0.7632675767940703
29,risk_loving,19,0.05,0.9606951067990183,2549.455442437823,0.8019637389971106
